"Step","grpo_0001_256_llama1B_math - train/all/val-core/DigitalLearningGmbH/MATH-lighteval/reward/mean@1","grpo_0001_256_llama1B_math - train/all/val-core/DigitalLearningGmbH/MATH-lighteval/reward/mean@1__MIN","grpo_0001_256_llama1B_math - train/all/val-core/DigitalLearningGmbH/MATH-lighteval/reward/mean@1__MAX","grpo_0002_128_llama1B_math - train/all/val-core/DigitalLearningGmbH/MATH-lighteval/reward/mean@1","grpo_0002_128_llama1B_math - train/all/val-core/DigitalLearningGmbH/MATH-lighteval/reward/mean@1__MIN","grpo_0002_128_llama1B_math - train/all/val-core/DigitalLearningGmbH/MATH-lighteval/reward/mean@1__MAX","grpo_0004_64_llama1B_math - train/all/val-core/DigitalLearningGmbH/MATH-lighteval/reward/mean@1","grpo_0004_64_llama1B_math - train/all/val-core/DigitalLearningGmbH/MATH-lighteval/reward/mean@1__MIN","grpo_0004_64_llama1B_math - train/all/val-core/DigitalLearningGmbH/MATH-lighteval/reward/mean@1__MAX","grpo_0008_32_llama1B_math - train/all/val-core/DigitalLearningGmbH/MATH-lighteval/reward/mean@1","grpo_0008_32_llama1B_math - train/all/val-core/DigitalLearningGmbH/MATH-lighteval/reward/mean@1__MIN","grpo_0008_32_llama1B_math - train/all/val-core/DigitalLearningGmbH/MATH-lighteval/reward/mean@1__MAX","grpo_0016_16_llama1B_math - train/all/val-core/DigitalLearningGmbH/MATH-lighteval/reward/mean@1","grpo_0016_16_llama1B_math - train/all/val-core/DigitalLearningGmbH/MATH-lighteval/reward/mean@1__MIN","grpo_0016_16_llama1B_math - train/all/val-core/DigitalLearningGmbH/MATH-lighteval/reward/mean@1__MAX","grpo_0032_08_Llama1B_math - train/all/val-core/DigitalLearningGmbH/MATH-lighteval/reward/mean@1","grpo_0032_08_Llama1B_math - train/all/val-core/DigitalLearningGmbH/MATH-lighteval/reward/mean@1__MIN","grpo_0032_08_Llama1B_math - train/all/val-core/DigitalLearningGmbH/MATH-lighteval/reward/mean@1__MAX","grpo_0064_04_Llama1B_math - train/all/val-core/DigitalLearningGmbH/MATH-lighteval/reward/mean@1","grpo_0064_04_Llama1B_math - train/all/val-core/DigitalLearningGmbH/MATH-lighteval/reward/mean@1__MIN","grpo_0064_04_Llama1B_math - train/all/val-core/DigitalLearningGmbH/MATH-lighteval/reward/mean@1__MAX","grpo_0128_02_Llama1B_math - train/all/val-core/DigitalLearningGmbH/MATH-lighteval/reward/mean@1","grpo_0128_02_Llama1B_math - train/all/val-core/DigitalLearningGmbH/MATH-lighteval/reward/mean@1__MIN","grpo_0128_02_Llama1B_math - train/all/val-core/DigitalLearningGmbH/MATH-lighteval/reward/mean@1__MAX","grpo_0256_01_Llama1B_math - train/all/val-core/DigitalLearningGmbH/MATH-lighteval/reward/mean@1","grpo_0256_01_Llama1B_math - train/all/val-core/DigitalLearningGmbH/MATH-lighteval/reward/mean@1__MIN","grpo_0256_01_Llama1B_math - train/all/val-core/DigitalLearningGmbH/MATH-lighteval/reward/mean@1__MAX"
"0","0.13729977116704806","0.13729977116704806","0.13729977116704806","0.13729977116704806","0.13729977116704806","0.13729977116704806","0.13729977116704806","0.13729977116704806","0.13729977116704806","0.1319154664153991","0.1319154664153991","0.1319154664153991","0.1329923273657289","0.1329923273657289","0.1329923273657289","0.13568447974155337","0.13568447974155337","0.13568447974155337","0.13272311212814644","0.13272311212814644","0.13272311212814644","0.13218468165298156","0.13218468165298156","0.13218468165298156","0.14026113878045499","0.14026113878045499","0.14026113878045499"
"100","0.4878180104993943","0.4878180104993943","0.4878180104993943","0.49468299905774665","0.49468299905774665","0.49468299905774665","0.5026248485664289","0.5026248485664289","0.5026248485664289","0.4715304886256562","0.4715304886256562","0.4715304886256562","0.5070668999865392","0.5070668999865392","0.5070668999865392","0.4976443666711536","0.4976443666711536","0.4976443666711536","0.4884910485933504","0.4884910485933504","0.4884910485933504","0.49737515143357114","0.49737515143357114","0.49737515143357114","0.48539507336115223","0.48539507336115223","0.48539507336115223"
"200","0.5318347018441244","0.5318347018441244","0.5318347018441244","0.5338538161259927","0.5338538161259927","0.5338538161259927","0.5228159913851124","0.5228159913851124","0.5228159913851124","0.5356037151702786","0.5356037151702786","0.5356037151702786","0.5321039170817068","0.5321039170817068","0.5321039170817068","0.5329115627944542","0.5329115627944542","0.5329115627944542","0.5268542199488491","0.5268542199488491","0.5268542199488491","0.5209314847220353","0.5209314847220353","0.5209314847220353","0.5065284695113743","0.5065284695113743","0.5065284695113743"
"300","0.5277964732803877","0.5277964732803877","0.5277964732803877","0.5470453627675327","0.5470453627675327","0.5470453627675327","0.5397765513528066","0.5397765513528066","0.5397765513528066","0.5594292636963252","0.5594292636963252","0.5594292636963252","0.5496029075245659","0.5496029075245659","0.5496029075245659","0.5559294656077534","0.5559294656077534","0.5559294656077534","0.5537757437070938","0.5537757437070938","0.5537757437070938","0.535199892313905","0.535199892313905","0.535199892313905","0.5333153856508278","0.5333153856508278","0.5333153856508278"
"400","0.544891640866873","0.544891640866873","0.544891640866873","0.5518912370440167","0.5518912370440167","0.5518912370440167","0.5489298694306097","0.5489298694306097","0.5489298694306097","0.5751783550948983","0.5751783550948983","0.5751783550948983","0.5715439493875354","0.5715439493875354","0.5715439493875354","0.5745053170009422","0.5745053170009422","0.5745053170009422","0.5696594427244582","0.5696594427244582","0.5696594427244582","0.5555256427513797","0.5555256427513797","0.5555256427513797","0.5533719208507202","0.5533719208507202","0.5533719208507202"
"500","0.5446224256292906","0.5446224256292906","0.5446224256292906","0.5610445551218199","0.5610445551218199","0.5610445551218199","0.5648135684479741","0.5648135684479741","0.5648135684479741","0.5819087360344596","0.5819087360344596","0.5819087360344596","0.5918696998250101","0.5918696998250101","0.5918696998250101","0.5802934446089648","0.5802934446089648","0.5802934446089648","0.5918696998250101","0.5918696998250101","0.5918696998250101","0.5699286579620406","0.5699286579620406","0.5699286579620406","0.5423340961098398","0.5423340961098398","0.5423340961098398"
"600","0.541795665634675","0.541795665634675","0.541795665634675","0.5751783550948983","0.5751783550948983","0.5751783550948983","0.57315924081303","0.57315924081303","0.57315924081303","0.5986000807645713","0.5986000807645713","0.5986000807645713","0.596042536007538","0.596042536007538","0.596042536007538","0.6046574236101764","0.6046574236101764","0.6046574236101764","0.6007538026652308","0.6007538026652308","0.6007538026652308","0.5793511912774263","0.5793511912774263","0.5793511912774263","0.5671018979674249","0.5671018979674249","0.5671018979674249"
"700","0.5574101494144569","0.5574101494144569","0.5574101494144569","0.5771974693767667","0.5771974693767667","0.5771974693767667","0.5921389150625925","0.5921389150625925","0.5921389150625925","0.6235024902409476","0.6235024902409476","0.6235024902409476","0.6033113474222641","0.6033113474222641","0.6033113474222641","0.6031767398034729","0.6031767398034729","0.6031767398034729","0.610445551218199","0.610445551218199","0.610445551218199","0.5882352941176471","0.5882352941176471","0.5882352941176471","0.5661596446358864","0.5661596446358864","0.5661596446358864"
"800","0.5467761475299502","0.5467761475299502","0.5467761475299502","0.5836586350787455","0.5836586350787455","0.5836586350787455","0.5890429398303944","0.5890429398303944","0.5890429398303944","0.6162336788262216","0.6162336788262216","0.6162336788262216","0.6226948445282003","0.6226948445282003","0.6226948445282003","0.6280791492798492","0.6280791492798492","0.6280791492798492","0.6228294521469915","0.6228294521469915","0.6228294521469915","0.6060034997980885","0.6060034997980885","0.6060034997980885","0.5798896217525912","0.5798896217525912","0.5798896217525912"
"900","0.5540449589446763","0.5540449589446763","0.5540449589446763","0.5805626598465473","0.5805626598465473","0.5805626598465473","0.5816395207968771","0.5816395207968771","0.5816395207968771","0.6187912235832548","0.6187912235832548","0.6187912235832548","0.63696325212007","0.63696325212007","0.63696325212007","0.6264638578543545","0.6264638578543545","0.6264638578543545","0.6282137568986405","0.6282137568986405","0.6282137568986405","0.6018306636155606","0.6018306636155606","0.6018306636155606","0.5745053170009422","0.5745053170009422","0.5745053170009422"
"1000","0.5531027056131377","0.5531027056131377","0.5531027056131377","0.5800242293713824","0.5800242293713824","0.5800242293713824","0.602638309328308","0.602638309328308","0.602638309328308","0.6350787454569928","0.6350787454569928","0.6350787454569928","0.632790415937542","0.632790415937542","0.632790415937542","0.6331942387939158","0.6331942387939158","0.6331942387939158","0.6270022883295194","0.6270022883295194","0.6270022883295194","0.6132723112128147","0.6132723112128147","0.6132723112128147","0.5934849912505048","0.5934849912505048","0.5934849912505048"
"1100","0.5469107551487414","0.5469107551487414","0.5469107551487414","0.5726208103378652","0.5726208103378652","0.5726208103378652","0.6061381074168798","0.6061381074168798","0.6061381074168798","0.6360209987885315","0.6360209987885315","0.6360209987885315","0.655000673038094","0.655000673038094","0.655000673038094","0.642347556871719","0.642347556871719","0.642347556871719","0.6326558083187508","0.6326558083187508","0.6326558083187508","0.620137299771167","0.620137299771167","0.620137299771167","0.5969847893390766","0.5969847893390766","0.5969847893390766"
"1200","0.533988423744784","0.533988423744784","0.533988423744784","0.5753129627136896","0.5753129627136896","0.5753129627136896","0.6195988692960022","0.6195988692960022","0.6195988692960022","0.6311751245120474","0.6311751245120474","0.6311751245120474","0.6515008749495221","0.6515008749495221","0.6515008749495221","0.6605195854085342","0.6605195854085342","0.6605195854085342","0.6364248216449051","0.6364248216449051","0.6364248216449051","0.6292906178489702","0.6292906178489702","0.6292906178489702","0.6027729169470992","0.6027729169470992","0.6027729169470992"
"1300","0.5535065284695114","0.5535065284695114","0.5535065284695114","0.5766590389016019","0.5766590389016019","0.5766590389016019","0.6278099340422668","0.6278099340422668","0.6278099340422668","0.6463857854354557","0.6463857854354557","0.6463857854354557","0.6615964463588639","0.6615964463588639","0.6615964463588639","0.6602503701709517","0.6602503701709517","0.6602503701709517","0.6505586216179836","0.6505586216179836","0.6505586216179836","0.6389823664019384","0.6389823664019384","0.6389823664019384","0.6078880064611657","0.6078880064611657","0.6078880064611657"
"1400","0.5563332884641271","0.5563332884641271","0.5563332884641271","0.5785435455646789","0.5785435455646789","0.5785435455646789","0.6294252254677615","0.6294252254677615","0.6294252254677615","0.6492125454300713","0.6492125454300713","0.6492125454300713","0.6633463454031499","0.6633463454031499","0.6633463454031499","0.6614618387400727","0.6614618387400727","0.6614618387400727","0.6679230044420514","0.6679230044420514","0.6679230044420514","","","","0.618925831202046","0.618925831202046","0.618925831202046"
"1500","0.5626598465473146","0.5626598465473146","0.5626598465473146","0.576793646520393","0.576793646520393","0.576793646520393","0.6319827702247948","0.6319827702247948","0.6319827702247948","0.6488087225736977","0.6488087225736977","0.6488087225736977","0.670076726342711","0.670076726342711","0.670076726342711","0.6782877910889756","0.6782877910889756","0.6782877910889756","0.6537892044689729","0.6537892044689729","0.6537892044689729","","","","","",""
"1600","0.5543141741822587","0.5543141741822587","0.5543141741822587","0.5785435455646789","0.5785435455646789","0.5785435455646789","0.6326558083187508","0.6326558083187508","0.6326558083187508","0.6515008749495221","0.6515008749495221","0.6515008749495221","0.6730380939561179","0.6730380939561179","0.6730380939561179","0.6804415129896352","0.6804415129896352","0.6804415129896352","0.664019383497106","0.664019383497106","0.664019383497106","","","","","",""
"1700","0.559294656077534","0.559294656077534","0.559294656077534","0.5933503836317136","0.5933503836317136","0.5933503836317136","0.6465203930542469","0.6465203930542469","0.6465203930542469","0.6617310539776551","0.6617310539776551","0.6617310539776551","0.6764032844258985","0.6764032844258985","0.6764032844258985","0.6873065015479877","0.6873065015479877","0.6873065015479877","0.676672499663481","0.676672499663481","0.676672499663481","","","","","",""
"1800","0.5626598465473146","0.5626598465473146","0.5626598465473146","0.5879660788800646","0.5879660788800646","0.5879660788800646","0.6445012787723785","0.6445012787723785","0.6445012787723785","0.6610580158836991","0.6610580158836991","0.6610580158836991","0.6829990577466685","0.6829990577466685","0.6829990577466685","0.6913447301117244","0.6913447301117244","0.6913447301117244","0.6703459415802935","0.6703459415802935","0.6703459415802935","","","","","",""
"1900","0.5649481760667654","0.5649481760667654","0.5649481760667654","0.6007538026652308","0.6007538026652308","0.6007538026652308","0.639386189258312","0.639386189258312","0.639386189258312","0.6694036882487548","0.6694036882487548","0.6694036882487548","0.681518373939965","0.681518373939965","0.681518373939965","0.6967290348633732","0.6967290348633732","0.6967290348633732","0.6882487548795262","0.6882487548795262","0.6882487548795262","","","","","",""
"2000","0.5609099475030287","0.5609099475030287","0.5609099475030287","0.5992731188585274","0.5992731188585274","0.5992731188585274","0.6515008749495221","0.6515008749495221","0.6515008749495221","0.6729034863373267","0.6729034863373267","0.6729034863373267","0.6897294386862296","0.6897294386862296","0.6897294386862296","0.6972674653385381","0.6972674653385381","0.6972674653385381","","","","","","","","",""
"2100","0.5646789608291829","0.5646789608291829","0.5646789608291829","0.6068111455108359","0.6068111455108359","0.6068111455108359","0.6554044958944676","0.6554044958944676","0.6554044958944676","0.67546103109436","0.67546103109436","0.67546103109436","0.6940368824875488","0.6940368824875488","0.6940368824875488","0.7053439224660116","0.7053439224660116","0.7053439224660116","","","","","","","","",""
"2200","0.5704670884372055","0.5704670884372055","0.5704670884372055","0.60506124646655","0.60506124646655","0.60506124646655","0.648404899717324","0.648404899717324","0.648404899717324","0.6848835644097456","0.6848835644097456","0.6848835644097456","0.6930946291560103","0.6930946291560103","0.6930946291560103","0.7150356710189797","0.7150356710189797","0.7150356710189797","","","","","","","","",""
"2300","0.56656346749226","0.56656346749226","0.56656346749226","0.6090994750302867","0.6090994750302867","0.6090994750302867","0.6533853816125993","0.6533853816125993","0.6533853816125993","0.6955175662942522","0.6955175662942522","0.6955175662942522","0.7015749091398573","0.7015749091398573","0.7015749091398573","0.7143626329250236","0.7143626329250236","0.7143626329250236","","","","","","","","",""
"2400","0.5671018979674249","0.5671018979674249","0.5671018979674249","0.6101763359806165","0.6101763359806165","0.6101763359806165","0.6570197873199624","0.6570197873199624","0.6570197873199624","0.6805761206084264","0.6805761206084264","0.6805761206084264","0.7030555929465607","0.7030555929465607","0.7030555929465607","0.7190738995827164","0.7190738995827164","0.7190738995827164","","","","","","","","",""
"2500","0.5675057208237986","0.5675057208237986","0.5675057208237986","0.608022614079957","0.608022614079957","0.608022614079957","0.6485395073361152","0.6485395073361152","0.6485395073361152","0.6913447301117244","0.6913447301117244","0.6913447301117244","0.701978731996231","0.701978731996231","0.701978731996231","0.7202853681518374","0.7202853681518374","0.7202853681518374","","","","","","","","",""
"2600","0.5607753398842374","0.5607753398842374","0.5607753398842374","0.6064073226544623","0.6064073226544623","0.6064073226544623","0.6480010768609503","0.6480010768609503","0.6480010768609503","0.7011710862834837","0.7011710862834837","0.7011710862834837","0.7123435186431551","0.7123435186431551","0.7123435186431551","0.7227083052900795","0.7227083052900795","0.7227083052900795","","","","","","","","",""
"2700","0.5722169874814914","0.5722169874814914","0.5722169874814914","0.6148876026383093","0.6148876026383093","0.6148876026383093","0.6523085206622695","0.6523085206622695","0.6523085206622695","0.7006326558083188","0.7006326558083188","0.7006326558083188","0.7171893929196392","0.7171893929196392","0.7171893929196392","","","","","","","","","","","",""
"2800","0.5812356979405034","0.5812356979405034","0.5812356979405034","0.6183874007268811","0.6183874007268811","0.6183874007268811","0.6563467492260062","0.6563467492260062","0.6563467492260062","0.7083052900794184","0.7083052900794184","0.7083052900794184","0.7159779243505182","0.7159779243505182","0.7159779243505182","","","","","","","","","","","",""
"2900","0.5661596446358864","0.5661596446358864","0.5661596446358864","0.6181181854892986","0.6181181854892986","0.6181181854892986","0.6599811549333692","0.6599811549333692","0.6599811549333692","0.7147664557813972","0.7147664557813972","0.7147664557813972","0.7328038766994212","0.7328038766994212","0.7328038766994212","","","","","","","","","","","",""
"3000","0.578005115089514","0.578005115089514","0.578005115089514","","","","","","","0.7131511643559025","0.7131511643559025","0.7131511643559025","0.7231121281464531","0.7231121281464531","0.7231121281464531","","","","","","","","","","","",""
"3100","0.5800242293713824","0.5800242293713824","0.5800242293713824","","","","","","","0.7151702786377709","0.7151702786377709","0.7151702786377709","0.7364382824067842","0.7364382824067842","0.7364382824067842","","","","","","","","","","","",""
"3200","0.5796204065150088","0.5796204065150088","0.5796204065150088","","","","","","","0.7169201776820568","0.7169201776820568","0.7169201776820568","0.7415533719208507","0.7415533719208507","0.7415533719208507","","","","","","","","","","","",""
"3300","0.5724862027190739","0.5724862027190739","0.5724862027190739","","","","","","","0.727284964328981","0.727284964328981","0.727284964328981","0.7430340557275542","0.7430340557275542","0.7430340557275542","","","","","","","","","","","",""
"3400","0.5722169874814914","0.5722169874814914","0.5722169874814914","","","","","","","0.729034863373267","0.729034863373267","0.729034863373267","0.7345537757437071","0.7345537757437071","0.7345537757437071","","","","","","","","","","","",""
"3500","0.5700632655808319","0.5700632655808319","0.5700632655808319","","","","","","","0.7299771167048055","0.7299771167048055","0.7299771167048055","0.7473414995288733","0.7473414995288733","0.7473414995288733","","","","","","","","","","","",""
"3600","0.5759860008076457","0.5759860008076457","0.5759860008076457","","","","","","","0.724862027190739","0.724862027190739","0.724862027190739","0.7426302328711805","0.7426302328711805","0.7426302328711805","","","","","","","","","","","",""
"3700","0.5708709112935793","0.5708709112935793","0.5708709112935793","","","","","","","0.730246331942388","0.730246331942388","0.730246331942388","0.7523219814241486","0.7523219814241486","0.7523219814241486","","","","","","","","","","","",""
"3800","0.5625252389285234","0.5625252389285234","0.5625252389285234","","","","","","","0.7319962309866739","0.7319962309866739","0.7319962309866739","0.7628213756898641","0.7628213756898641","0.7628213756898641","","","","","","","","","","","",""
"3900","0.5619868084533585","0.5619868084533585","0.5619868084533585","","","","","","","0.7279580024229372","0.7279580024229372","0.7279580024229372","0.753802665230852","0.753802665230852","0.753802665230852","","","","","","","","","","","",""
"4000","0.5793511912774263","0.5793511912774263","0.5793511912774263","","","","","","","0.7310539776551352","0.7310539776551352","0.7310539776551352","","","","","","","","","","","","","","",""
"4100","0.5872930407861084","0.5872930407861084","0.5872930407861084","","","","","","","0.7289002557544757","0.7289002557544757","0.7289002557544757","","","","","","","","","","","","","","",""
"4200","0.5715439493875354","0.5715439493875354","0.5715439493875354","","","","","","","0.7408803338268946","0.7408803338268946","0.7408803338268946","","","","","","","","","","","","","","",""
"4300","0.5718131646251178","0.5718131646251178","0.5718131646251178","","","","","","","0.7384573966886526","0.7384573966886526","0.7384573966886526","","","","","","","","","","","","","","",""
"4400","0.5727554179566563","0.5727554179566563","0.5727554179566563","","","","","","","0.7427648404899717","0.7427648404899717","0.7427648404899717","","","","","","","","","","","","","","",""
"4500","0.5676403284425898","0.5676403284425898","0.5676403284425898","","","","","","","0.745322385247005","0.745322385247005","0.745322385247005","","","","","","","","","","","","","","",""
"4600","0.5739668865257773","0.5739668865257773","0.5739668865257773","","","","","","","","","","","","","","","","","","","","","","","",""
"4700","0.584600888410284","0.584600888410284","0.584600888410284","","","","","","","","","","","","","","","","","","","","","","","",""
"4800","0.5855431417418225","0.5855431417418225","0.5855431417418225","","","","","","","","","","","","","","","","","","","","","","","",""
"4900","0.5785435455646789","0.5785435455646789","0.5785435455646789","","","","","","","","","","","","","","","","","","","","","","","",""
"5000","0.5774666846143491","0.5774666846143491","0.5774666846143491","","","","","","","","","","","","","","","","","","","","","","","",""
"5100","0.576793646520393","0.576793646520393","0.576793646520393","","","","","","","","","","","","","","","","","","","","","","","",""
"5200","0.576120608426437","0.576120608426437","0.576120608426437","","","","","","","","","","","","","","","","","","","","","","","",""
"5300","0.5757167855700632","0.5757167855700632","0.5757167855700632","","","","","","","","","","","","","","","","","","","","","","","",""
"5400","0.5658904293983039","0.5658904293983039","0.5658904293983039","","","","","","","","","","","","","","","","","","","","","","","",""
"5500","0.5634674922600619","0.5634674922600619","0.5634674922600619","","","","","","","","","","","","","","","","","","","","","","","",""
"5600","0.574909139857316","0.574909139857316","0.574909139857316","","","","","","","","","","","","","","","","","","","","","","","",""
"5700","0.5781397227083053","0.5781397227083053","0.5781397227083053","","","","","","","","","","","","","","","","","","","","","","","",""
"5800","0.5794857988962175","0.5794857988962175","0.5794857988962175","","","","","","","","","","","","","","","","","","","","","","","",""
"5900","0.5726208103378652","0.5726208103378652","0.5726208103378652","","","","","","","","","","","","","","","","","","","","","","","",""
"6000","0.580966482702921","0.580966482702921","0.580966482702921","","","","","","","","","","","","","","","","","","","","","","","",""
"6100","0.5730246331942388","0.5730246331942388","0.5730246331942388","","","","","","","","","","","","","","","","","","","","","","","",""
"6200","0.5618522008345672","0.5618522008345672","0.5618522008345672","","","","","","","","","","","","","","","","","","","","","","","",""