"Step","grpo_0001_256_olmo1B_math - train/all/val-core/DigitalLearningGmbH/MATH-lighteval/reward/mean@1","grpo_0001_256_olmo1B_math - train/all/val-core/DigitalLearningGmbH/MATH-lighteval/reward/mean@1__MIN","grpo_0001_256_olmo1B_math - train/all/val-core/DigitalLearningGmbH/MATH-lighteval/reward/mean@1__MAX","grpo_0002_128_olmo1B_math - train/all/val-core/DigitalLearningGmbH/MATH-lighteval/reward/mean@1","grpo_0002_128_olmo1B_math - train/all/val-core/DigitalLearningGmbH/MATH-lighteval/reward/mean@1__MIN","grpo_0002_128_olmo1B_math - train/all/val-core/DigitalLearningGmbH/MATH-lighteval/reward/mean@1__MAX","grpo_0004_64_olmo1B_math - train/all/val-core/DigitalLearningGmbH/MATH-lighteval/reward/mean@1","grpo_0004_64_olmo1B_math - train/all/val-core/DigitalLearningGmbH/MATH-lighteval/reward/mean@1__MIN","grpo_0004_64_olmo1B_math - train/all/val-core/DigitalLearningGmbH/MATH-lighteval/reward/mean@1__MAX","grpo_0008_32_olmo1B_math - train/all/val-core/DigitalLearningGmbH/MATH-lighteval/reward/mean@1","grpo_0008_32_olmo1B_math - train/all/val-core/DigitalLearningGmbH/MATH-lighteval/reward/mean@1__MIN","grpo_0008_32_olmo1B_math - train/all/val-core/DigitalLearningGmbH/MATH-lighteval/reward/mean@1__MAX","grpo_0016_16_olmo1B_math - train/all/val-core/DigitalLearningGmbH/MATH-lighteval/reward/mean@1","grpo_0016_16_olmo1B_math - train/all/val-core/DigitalLearningGmbH/MATH-lighteval/reward/mean@1__MIN","grpo_0016_16_olmo1B_math - train/all/val-core/DigitalLearningGmbH/MATH-lighteval/reward/mean@1__MAX","grpo_0032_08_olmo1B_math - train/all/val-core/DigitalLearningGmbH/MATH-lighteval/reward/mean@1","grpo_0032_08_olmo1B_math - train/all/val-core/DigitalLearningGmbH/MATH-lighteval/reward/mean@1__MIN","grpo_0032_08_olmo1B_math - train/all/val-core/DigitalLearningGmbH/MATH-lighteval/reward/mean@1__MAX","grpo_0064_04_omlo1B_math - train/all/val-core/DigitalLearningGmbH/MATH-lighteval/reward/mean@1","grpo_0064_04_omlo1B_math - train/all/val-core/DigitalLearningGmbH/MATH-lighteval/reward/mean@1__MIN","grpo_0064_04_omlo1B_math - train/all/val-core/DigitalLearningGmbH/MATH-lighteval/reward/mean@1__MAX","grpo_0128_02_omlo1B_math - train/all/val-core/DigitalLearningGmbH/MATH-lighteval/reward/mean@1","grpo_0128_02_omlo1B_math - train/all/val-core/DigitalLearningGmbH/MATH-lighteval/reward/mean@1__MIN","grpo_0128_02_omlo1B_math - train/all/val-core/DigitalLearningGmbH/MATH-lighteval/reward/mean@1__MAX","grpo_0256_01_omlo1B_math - train/all/val-core/DigitalLearningGmbH/MATH-lighteval/reward/mean@1","grpo_0256_01_omlo1B_math - train/all/val-core/DigitalLearningGmbH/MATH-lighteval/reward/mean@1__MIN","grpo_0256_01_omlo1B_math - train/all/val-core/DigitalLearningGmbH/MATH-lighteval/reward/mean@1__MAX"
"0","0.2531271015467384","0.2531271015467384","0.2531271015467384","0.2531271015467384","0.2531271015467384","0.2531271015467384","0.2531271015467384","0.2531271015467384","0.2531271015467384","0.2531271015467384","0.2531271015467384","0.2531271015467384","0.2531271015467384","0.2531271015467384","0.2531271015467384","0.2531271015467384","0.2531271015467384","0.2531271015467384","0.25258910558170816","0.25258910558170816","0.25258910558170816","0.2531271015467384","0.2531271015467384","0.2531271015467384","0.25258910558170816","0.25258910558170816","0.25258910558170816"
"100","0.2601210490921318","0.2601210490921318","0.2601210490921318","0.26227303295225285","0.26227303295225285","0.26227303295225285","0.2613315400134499","0.2613315400134499","0.2613315400134499","0.2609280430396772","0.2609280430396772","0.2609280430396772","0.26079354404841965","0.26079354404841965","0.26079354404841965","0.2660390047074647","0.2660390047074647","0.2660390047074647","0.2613315400134499","0.2613315400134499","0.2613315400134499","0.2617350369872226","0.2617350369872226","0.2617350369872226","0.2539340954942838","0.2539340954942838","0.2539340954942838"
"200","0.2675184936112979","0.2675184936112979","0.2675184936112979","0.2759919300605245","0.2759919300605245","0.2759919300605245","0.2719569603227976","0.2719569603227976","0.2719569603227976","0.274915938130464","0.274915938130464","0.274915938130464","0.2781439139206456","0.2781439139206456","0.2781439139206456","0.2745124411566913","0.2745124411566913","0.2745124411566913","0.27531943510423673","0.27531943510423673","0.27531943510423673","0.2750504371217216","0.2750504371217216","0.2750504371217216","0.2703429724277068","0.2703429724277068","0.2703429724277068"
"300","0.2667114996637525","0.2667114996637525","0.2667114996637525","0.2702084734364492","0.2702084734364492","0.2702084734364492","0.27935440484196367","0.27935440484196367","0.27935440484196367","0.28459986550100874","0.28459986550100874","0.28459986550100874","0.2754539340954943","0.2754539340954943","0.2754539340954943","0.2769334229993275","0.2769334229993275","0.2769334229993275","0.2781439139206456","0.2781439139206456","0.2781439139206456","0.2703429724277068","0.2703429724277068","0.2703429724277068","0.27531943510423673","0.27531943510423673","0.27531943510423673"
"400","0.27478143913920644","0.27478143913920644","0.27478143913920644","0.2772024209818426","0.2772024209818426","0.2772024209818426","0.2731674512441157","0.2731674512441157","0.2731674512441157","0.2870208473436449","0.2870208473436449","0.2870208473436449","0.2816408876933423","0.2816408876933423","0.2816408876933423","0.2885003362474781","0.2885003362474781","0.2885003362474781","0.2864828513786147","0.2864828513786147","0.2864828513786147","0.2765299260255548","0.2765299260255548","0.2765299260255548","0.2734364492266308","0.2734364492266308","0.2734364492266308"
"500","0.2659045057162071","0.2659045057162071","0.2659045057162071","0.27908540685944855","0.27908540685944855","0.27908540685944855","0.28581035642232683","0.28581035642232683","0.28581035642232683","0.2852723604572966","0.2852723604572966","0.2852723604572966","0.28809683927370544","0.28809683927370544","0.28809683927370544","0.2852723604572966","0.2852723604572966","0.2852723604572966","0.29186281102891726","0.29186281102891726","0.29186281102891726","0.2762609280430397","0.2762609280430397","0.2762609280430397","0.27827841291190314","0.27827841291190314","0.27827841291190314"
"600","0.27330195023537324","0.27330195023537324","0.27330195023537324","0.2792199058507061","0.2792199058507061","0.2792199058507061","0.285137861466039","0.285137861466039","0.285137861466039","0.2859448554135844","0.2859448554135844","0.2859448554135844","0.2843308675184936","0.2843308675184936","0.2843308675184936","0.2899798251513114","0.2899798251513114","0.2899798251513114","0.2871553463349025","0.2871553463349025","0.2871553463349025","0.2785474108944183","0.2785474108944183","0.2785474108944183","0.27881640887693343","0.27881640887693343","0.27881640887693343"
"700","0.26886348352387357","0.26886348352387357","0.26886348352387357","0.2762609280430397","0.2762609280430397","0.2762609280430397","0.2885003362474781","0.2885003362474781","0.2885003362474781","0.2875588433086752","0.2875588433086752","0.2875588433086752","0.29414929388029587","0.29414929388029587","0.29414929388029587","0.2933422999327505","0.2933422999327505","0.2933422999327505","0.29159381304640214","0.29159381304640214","0.29159381304640214","0.27935440484196367","0.27935440484196367","0.27935440484196367","0.27639542703429726","0.27639542703429726","0.27639542703429726"
"800","0.2724949562878278","0.2724949562878278","0.2724949562878278","0.2809683927370545","0.2809683927370545","0.2809683927370545","0.28728984532616003","0.28728984532616003","0.28728984532616003","0.29266980497646267","0.29266980497646267","0.29266980497646267","0.29320780094149296","0.29320780094149296","0.29320780094149296","0.29119031607262946","0.29119031607262946","0.29119031607262946","0.2965702757229321","0.2965702757229321","0.2965702757229321","0.28607935440484195","0.28607935440484195","0.28607935440484195","0.28312037659717554","0.28312037659717554","0.28312037659717554"
"900","0.27182246133154003","0.27182246133154003","0.27182246133154003","0.28029589778076663","0.28029589778076663","0.28029589778076663","0.2800268997982515","0.2800268997982515","0.2800268997982515","0.2940147948890383","0.2940147948890383","0.2940147948890383","0.29119031607262946","0.29119031607262946","0.29119031607262946","0.30342972427706794","0.30342972427706794","0.30342972427706794","0.29549428379287157","0.29549428379287157","0.29549428379287157","0.28836583725622056","0.28836583725622056","0.28836583725622056","0.28957632817753864","0.28957632817753864","0.28957632817753864"
"1000","0.268728984532616","0.268728984532616","0.268728984532616","0.28567585743106927","0.28567585743106927","0.28567585743106927","0.29226630800269","0.29226630800269","0.29226630800269","0.2933422999327505","0.2933422999327505","0.2933422999327505","0.2969737726967048","0.2969737726967048","0.2969737726967048","0.301546738399462","0.301546738399462","0.301546738399462","0.3062542030934768","0.3062542030934768","0.3062542030934768","0.29092131809011434","0.29092131809011434","0.29092131809011434","0.29119031607262946","0.29119031607262946","0.29119031607262946"
"1100","0.2684599865501009","0.2684599865501009","0.2684599865501009","0.2843308675184936","0.2843308675184936","0.2843308675184936","0.29266980497646267","0.29266980497646267","0.29266980497646267","0.2992602555480834","0.2992602555480834","0.2992602555480834","0.3026227303295225","0.3026227303295225","0.3026227303295225","0.3035642232683255","0.3035642232683255","0.3035642232683255","0.3101546738399462","0.3101546738399462","0.3101546738399462","0.29011432414256894","0.29011432414256894","0.29011432414256894","0.2917283120376597","0.2917283120376597","0.2917283120376597"
"1200","0.2757229320780094","0.2757229320780094","0.2757229320780094","0.2824478816408877","0.2824478816408877","0.2824478816408877","0.291324815063887","0.291324815063887","0.291324815063887","0.29872225958305315","0.29872225958305315","0.29872225958305315","0.3065232010759919","0.3065232010759919","0.3065232010759919","0.3151311365164761","0.3151311365164761","0.3151311365164761","0.3125756556825824","0.3125756556825824","0.3125756556825824","","","","0.2997982515131137","0.2997982515131137","0.2997982515131137"
"1300","0.2766644250168124","0.2766644250168124","0.2766644250168124","0.2757229320780094","0.2757229320780094","0.2757229320780094","0.2945527908540686","0.2945527908540686","0.2945527908540686","0.304640215198386","0.304640215198386","0.304640215198386","0.3101546738399462","0.3101546738399462","0.3101546738399462","0.3152656355077337","0.3152656355077337","0.3152656355077337","0.3081371889710827","0.3081371889710827","0.3081371889710827","","","","0.30759919300605243","0.30759919300605243","0.30759919300605243"
"1400","0.28177538668459984","0.28177538668459984","0.28177538668459984","0.2899798251513114","0.2899798251513114","0.2899798251513114","0.2914593140551446","0.2914593140551446","0.2914593140551446","0.31674512441156694","0.31674512441156694","0.31674512441156694","0.31392064559515803","0.31392064559515803","0.31392064559515803","0.3125756556825824","0.3125756556825824","0.3125756556825824","0.3143241425689307","0.3143241425689307","0.3143241425689307","","","","0.29818426361802286","0.29818426361802286","0.29818426361802286"
"1500","0.27236045729657027","0.27236045729657027","0.27236045729657027","0.28217888365837257","0.28217888365837257","0.28217888365837257","0.29092131809011434","0.29092131809011434","0.29092131809011434","0.310827168796234","0.310827168796234","0.310827168796234","0.3121721587088097","0.3121721587088097","0.3121721587088097","0.3144586415601883","0.3144586415601883","0.3144586415601883","0.32051109616677875","0.32051109616677875","0.32051109616677875","","","","0.297511768661735","0.297511768661735","0.297511768661735"
"1600","0.2738399462004035","0.2738399462004035","0.2738399462004035","0.2850033624747814","0.2850033624747814","0.2850033624747814","0.28836583725622056","0.28836583725622056","0.28836583725622056","0.3073301950235373","0.3073301950235373","0.3073301950235373","0.3128446536650975","0.3128446536650975","0.3128446536650975","0.3171486213853396","0.3171486213853396","0.3171486213853396","0.31230665770006727","0.31230665770006727","0.31230665770006727","","","","0.2960322797579018","0.2960322797579018","0.2960322797579018"
"1700","0.2730329522528581","0.2730329522528581","0.2730329522528581","0.28567585743106927","0.28567585743106927","0.28567585743106927","0.28069939475453937","0.28069939475453937","0.28069939475453937","0.3047747141896436","0.3047747141896436","0.3047747141896436","0.3152656355077337","0.3152656355077337","0.3152656355077337","0.3223940820443847","0.3223940820443847","0.3223940820443847","0.3203765971755212","0.3203765971755212","0.3203765971755212","","","","0.30719569603227975","0.30719569603227975","0.30719569603227975"
"1800","0.26630800268997984","0.26630800268997984","0.26630800268997984","0.2836583725622058","0.2836583725622058","0.2836583725622058","0.2890383322125084","0.2890383322125084","0.2890383322125084","0.310827168796234","0.310827168796234","0.310827168796234","0.32683254875588436","0.32683254875588436","0.32683254875588436","0.3304640215198386","0.3304640215198386","0.3304640215198386","0.32454606590450574","0.32454606590450574","0.32454606590450574","","","","0.3023537323470074","0.3023537323470074","0.3023537323470074"
"1900","0.2675184936112979","0.2675184936112979","0.2675184936112979","0.2804303967720242","0.2804303967720242","0.2804303967720242","0.29226630800269","0.29226630800269","0.29226630800269","0.30880968392737057","0.30880968392737057","0.30880968392737057","0.3215870880968393","0.3215870880968393","0.3215870880968393","0.32320107599193004","0.32320107599193004","0.32320107599193004","0.3246805648957633","0.3246805648957633","0.3246805648957633","","","","0.30598520511096167","0.30598520511096167","0.30598520511096167"
"2000","0.2703429724277068","0.2703429724277068","0.2703429724277068","0.2777404169468729","0.2777404169468729","0.2777404169468729","0.3053127101546738","0.3053127101546738","0.3053127101546738","0.32131809011432416","0.32131809011432416","0.32131809011432416","0.32777404169468727","0.32777404169468727","0.32777404169468727","0.324142568930733","0.324142568930733","0.324142568930733","0.3273705447209146","0.3273705447209146","0.3273705447209146","","","","","",""
"2100","0.26577000672494955","0.26577000672494955","0.26577000672494955","0.2914593140551446","0.2914593140551446","0.2914593140551446","0.30289172831203764","0.30289172831203764","0.30289172831203764","0.3203765971755212","0.3203765971755212","0.3203765971755212","0.3226630800268998","0.3226630800268998","0.3226630800268998","0.33382649630127775","0.33382649630127775","0.33382649630127775","0.333422999327505","0.333422999327505","0.333422999327505","","","","","",""
"2200","0.2691324815063887","0.2691324815063887","0.2691324815063887","0.28769334229993276","0.28769334229993276","0.28769334229993276","0.3073301950235373","0.3073301950235373","0.3073301950235373","0.3198386012104909","0.3198386012104909","0.3198386012104909","0.32683254875588436","0.32683254875588436","0.32683254875588436","0.3316745124411567","0.3316745124411567","0.3316745124411567","0.337457969065232","0.337457969065232","0.337457969065232","","","","","",""
"2300","0.26859448554135845","0.26859448554135845","0.26859448554135845","0.29414929388029587","0.29414929388029587","0.29414929388029587","0.30369872225958305","0.30369872225958305","0.30369872225958305","0.31822461331540014","0.31822461331540014","0.31822461331540014","0.333422999327505","0.333422999327505","0.333422999327505","0.3362474781439139","0.3362474781439139","0.3362474781439139","0.33759246805648957","0.33759246805648957","0.33759246805648957","","","","","",""
"2400","","","","0.2949562878278413","0.2949562878278413","0.2949562878278413","","","","0.324142568930733","0.324142568930733","0.324142568930733","0.3324815063887021","0.3324815063887021","0.3324815063887021","","","","0.3427034297242771","0.3427034297242771","0.3427034297242771","","","","","",""
"2500","","","","","","","","","","0.32091459314055143","0.32091459314055143","0.32091459314055143","","","","","","","0.33059852051109617","0.33059852051109617","0.33059852051109617","","","","","",""
"2600","","","","","","","","","","0.32669804976462674","0.32669804976462674","0.32669804976462674","","","","","","","0.3394754539340955","0.3394754539340955","0.3394754539340955","","","","","",""
"2700","","","","","","","","","","","","","","","","","","","0.33934095494283795","0.33934095494283795","0.33934095494283795","","","","","",""
"2800","","","","","","","","","","","","","","","","","","","0.3460659045057162","0.3460659045057162","0.3460659045057162","","","","","",""
"2900","","","","","","","","","","","","","","","","","","","0.3499663752521856","0.3499663752521856","0.3499663752521856","","","","","",""
"3000","","","","","","","","","","","","","","","","","","","0.34754539340954943","0.34754539340954943","0.34754539340954943","","","","","",""
"3100","","","","","","","","","","","","","","","","","","","0.3492938802958978","0.3492938802958978","0.3492938802958978","","","","","",""